{"v":4,"entries":{"react-ui-components--docs":{"id":"react-ui-components--docs","title":"React-ui-components","name":"Docs","importPath":"./src/stories/Configure.mdx","storiesImports":[],"type":"docs","tags":["unattached-mdx","docs"]},"drag-and-drop--docs":{"id":"drag-and-drop--docs","title":"Drag and drop","name":"Docs","importPath":"./src/components/DragAndDrop/DragAndDrop.stories.js","type":"docs","tags":["autodocs","docs"],"storiesImports":[]},"drag-and-drop--drag":{"type":"story","id":"drag-and-drop--drag","name":"Drag","title":"Drag and drop","importPath":"./src/components/DragAndDrop/DragAndDrop.stories.js","tags":["autodocs","story"]},"modal--docs":{"id":"modal--docs","title":"Modal","name":"Docs","importPath":"./src/components/Modal/Modal.stories.js","type":"docs","tags":["autodocs","docs"],"storiesImports":[]},"modal--basic":{"type":"story","id":"modal--basic","name":"Basic","title":"Modal","importPath":"./src/components/Modal/Modal.stories.js","tags":["autodocs","story"]},"tooltip--docs":{"id":"tooltip--docs","title":"Tooltip","name":"Docs","importPath":"./src/components/Tooltip/Tooltip.stories.js","type":"docs","tags":["autodocs","docs"],"storiesImports":[]},"tooltip--tooltip":{"type":"story","id":"tooltip--tooltip","name":"Tooltip","title":"Tooltip","importPath":"./src/components/Tooltip/Tooltip.stories.js","tags":["autodocs","story"]}}}
